{"cameraMode":{"drawMode":0,"name":"Shaded","section":"Shading Mode"},"sceneLighting":true,"audioPlay":false,"sceneViewState":{"showFog":true,"showMaterialUpdate":false,"showSkybox":true,"showFlares":true,"showImageEffects":true,"showParticleSystems":true},"in2DMode":false,"pivot":{"x":24.010957717895509,"y":12.310224533081055,"z":-46.252010345458987},"rotation":{"x":-0.29503580927848818,"y":0.11628923565149307,"z":-0.036202844232320788,"w":-0.9476924538612366},"size":6.477869987487793,"orthographic":false}